id,value
3fa85f64-5717-4562-b3fc-2c963f66afa6,0.12345
eec3d5e8-95d0-4c2e-b9d1-56d4e6b3312f,0.67890
f7c3bc1d-4370-4e6f-9e23-9a3f7f0a1b3d,0.54321
a1b2c3d4-5678-4e6f-9e23-1a2b3c4d5e6f,0.98765
b2d4e6f7-89a0-1c2b-3d4e-5f6a7b8c9d0e,0.34567
c3e5f7a1-2345-6b7c-8d9e-0f1a2b3c4d5e,0.76543
d4f6a8b2-3456-7c8d-9e0f-1a2b3c4d5e6f,0.45678
e5g7a9c3-4567-8d9e-0f1a-2b3c4d5e6f7g,0.87654
f6h8b1d4-5678-9e0f-1a2b-3c4d5e6f7g8h,0.56789
a7i9c2e5-6789-0f1a-2b3c-4d5e6f7g8h9i,0.65432